{"eval/loss": 0.5714403986930847, "eval/accuracy": 0.774869109947644, "eval/runtime": 2.3761, "eval/samples_per_second": 80.384, "eval/steps_per_second": 5.05, "train/global_step": 0, "_timestamp": 1689627151.11797, "_runtime": 5.869168996810913, "_step": 0}